FILE,NEW CATGORY
a111-0001Y.mp4,112
a111-0002Y.mp4,112
a111-0004Y.mp4,90
a111-0006Y.mp4,90
a111-0007Y.mp4,90
a111-0010Y.mp4,90
a111-0012Y.mp4,90
a111-0013Y.mp4,90
a111-0015Y.mp4,112
a111-0017Y.mp4,102
a111-0018Y.mp4,90
a111-0020Y.mp4,103
a111-0023Y.mp4,90
a111-0025Y.mp4,101
a111-0027Y.mp4,90
a111-0029Y.mp4,112
a111-0031Y.mp4,112
a111-0033Y.mp4,112
a111-0036Y.mp4,112
a111-0037Y.mp4,112
a111-0038Y.mp4,112
a111-0043Y.mp4,112
a111-0044Y.mp4,112
a111-0045Y.mp4,112
a111-0050Y.mp4,112
a111-0051Y.mp4,112
a111-0053Y.mp4,112
a111-0055Y.mp4,112
a111-0057Y.mp4,112
a111-0059Y.mp4,90
a111-0061Y.mp4,112
a111-0062Y.mp4,112
a111-0064Y.mp4,112
a111-0067Y.mp4,112
a111-0068Y.mp4,112
a111-0070Y.mp4,112
a111-0071Y.mp4,112
a111-0074Y.mp4,112
a111-0078Y.mp4,112
a111-0080Y.mp4,101
a111-0081Y.mp4,112
a111-0086Y.mp4,24
a111-0087Y.mp4,90
a111-0089Y.mp4,112
a111-0093Y.mp4,112
a111-0095Y.mp4,112
a111-0103Y.mp4,90
a111-0105Y.mp4,90
a111-0106Y.mp4,90
a111-0109Y.mp4,112
a111-0111Y.mp4,112
a111-0120Y.mp4,112
a111-0122Y.mp4,112
a111-0123Y.mp4,112
a111-0127Y.mp4,112
a111-0128Y.mp4,112
a111-0131Y.mp4,112
a111-0132Y.mp4,112
a111-0135Y.mp4,112
a111-0136Y.mp4,65
a111-0138Y.mp4,112
a111-0142Y.mp4,112
a111-0144Y.mp4,112
a111-0150Y.mp4,112
a111-0151Y.mp4,112
a111-0154Y.mp4,112
a111-0157Y.mp4,112
a111-0159Y.mp4,112
a111-0167Y.mp4,112
a111-0168Y.mp4,112
a111-0169Y.mp4,90
a111-0170Y.mp4,112
a111-0173Y.mp4,65
a111-0175Y.mp4,112
a111-0176Y.mp4,112
a111-0177Y.mp4,112
a111-0181Y.mp4,85
a111-0186Y.mp4,112
a111-0194Y.mp4,112
a111-0199Y.mp4,65
a111-0201Y.mp4,112
a111-0202Y.mp4,112
a111-0205Y.mp4,112
a111-0212Y.mp4,90
a111-0213Y.mp4,112
a111-0215Y.mp4,112
a111-0216Y.mp4,112
a111-0244Y.mp4,112
a111-0246Y.mp4,112
a111-0248Y.mp4,101
a111-0250Y.mp4,112
a111-0253Y.mp4,112
a111-0255Y.mp4,112
a111-0256Y.mp4,112
a111-0257Y.mp4,112
a111-0259Y.mp4,112
a111-0261Y.mp4,90
a111-0262Y.mp4,65
a111-0263Y.mp4,112
a111-0264Y.mp4,112
a111-0265Y.mp4,112
a111-0268Y.mp4,112
a111-0269Y.mp4,112
a111-0270Y.mp4,112
a111-0271Y.mp4,112
a111-0273Y.mp4,112
a111-0275Y.mp4,112
a111-0276Y.mp4,112
a111-0277Y.mp4,112
a111-0279Y.mp4,112
a111-0280Y.mp4,112
a111-0282Y.mp4,112
a111-0285Y.mp4,101
a111-0286Y.mp4,112
a111-0287Y.mp4,112
a111-0288Y.mp4,90
a111-0290Y.mp4,65
a111-0292Y.mp4,112
a111-0294Y.mp4,112
a111-0295Y.mp4,90
a111-0296Y.mp4,112
a111-0297Y.mp4,25
a111-0298Y.mp4,65
a111-0299Y.mp4,112
a111-0301Y.mp4,112
a111-0305Y.mp4,112
a111-0307Y.mp4,112
a111-0308Y.mp4,112
a111-0313Y.mp4,112
a111-0318Y.mp4,112
a111-0320Y.mp4,112
a111-0325Y.mp4,112
a111-0327Y.mp4,112
a111-0328Y.mp4,65
a111-0330Y.mp4,112
a111-0332Y.mp4,112
a111-0335Y.mp4,112
a111-0336Y.mp4,112
a111-0337Y.mp4,112
a111-0340Y.mp4,112
a111-0341Y.mp4,65
a111-0342Y.mp4,112
a111-0343Y.mp4,112
a111-0344Y.mp4,112
a111-0345Y.mp4,112
a111-0346Y.mp4,112
a111-0347Y.mp4,112
a111-0348Y.mp4,101
a111-0349Y.mp4,112
a111-0350Y.mp4,112
a111-0351Y.mp4,112
a111-0353Y.mp4,112
a111-0355Y.mp4,112
a111-0357Y.mp4,112
a111-0358Y.mp4,112
a111-0359Y.mp4,112
a111-0362Y.mp4,112
a111-0363Y.mp4,112
a111-0365Y.mp4,112
a111-0366Y.mp4,112
a111-0367Y.mp4,112
a111-0368Y.mp4,112
a111-0369Y.mp4,112
a111-0384Y.mp4,112
a111-0385Y.mp4,112
a111-0386Y.mp4,112
a111-0389Y.mp4,112
a111-0393Y.mp4,112
a111-0394Y.mp4,112
a111-0395Y.mp4,112
a111-0397Y.mp4,112
a111-0398Y.mp4,118
a111-0399Y.mp4,112
a111-0401Y.mp4,118
a111-0402Y.mp4,112
a111-0403Y.mp4,90
a111-0406Y.mp4,112
a111-0407Y.mp4,112
a111-0408Y.mp4,112
a111-0411Y.mp4,25
a111-0412Y.mp4,112
a111-0414Y.mp4,112
a111-0415Y.mp4,112
a111-0416Y.mp4,112
a111-0417Y.mp4,112
a111-0418Y.mp4,112
a111-0419Y.mp4,112
a111-0420Y.mp4,112
a111-0421Y.mp4,112
a111-0422Y.mp4,112
a111-0424Y.mp4,112
a111-0425Y.mp4,112
a111-0427Y.mp4,112
a111-0428Y.mp4,112
a111-0429Y.mp4,32
a111-0431Y.mp4,82
a111-0432Y.mp4,112
a111-0433Y.mp4,112
a111-0434Y.mp4,112
a111-0439Y.mp4,112
a111-0443Y.mp4,112
a111-0445Y.mp4,112
a111-0446Y.mp4,112
a111-0447Y.mp4,112
a111-0448Y.mp4,112
a111-0450Y.mp4,112
a111-0452Y.mp4,112
a111-0453Y.mp4,112
a111-0456Y.mp4,112
a111-0457Y.mp4,112
a111-0459Y.mp4,112
a111-0460Y.mp4,112
a111-0461Y.mp4,112
a111-0462Y.mp4,112
a111-0464Y.mp4,112
a111-0466Y.mp4,112
a111-0468Y.mp4,112
a111-0469Y.mp4,112
a111-0470Y.mp4,112
a111-0471Y.mp4,112
a111-0473Y.mp4,112
a111-0474Y.mp4,112
a111-0476Y.mp4,112
a111-0477Y.mp4,112
a111-0478Y.mp4,112
a111-0479Y.mp4,112
a111-0481Y.mp4,112
a111-0482Y.mp4,112
a111-0485Y.mp4,112
a111-0486Y.mp4,112
a111-0487Y.mp4,112
a111-0488Y.mp4,112
a111-0489Y.mp4,112
a111-0490Y.mp4,112
a111-0492Y.mp4,112
a111-0493Y.mp4,112
a111-0494Y.mp4,112
a111-0495Y.mp4,112
a111-0496Y.mp4,112
a111-0497Y.mp4,112
a111-0498Y.mp4,112
a111-0499Y.mp4,112
a111-0500Y.mp4,112
a111-0501Y.mp4,112
a111-0503Y.mp4,112
a111-0504Y.mp4,112
a111-0505Y.mp4,112
a111-0507Y.mp4,112
a111-0508Y.mp4,112
a111-0509Y.mp4,112
a111-0510Y.mp4,112
a111-0511Y.mp4,112
a111-0512Y.mp4,112
a111-0513Y.mp4,112
a111-0514Y.mp4,112
a111-0515Y.mp4,112
a111-0516Y.mp4,112
a111-0517Y.mp4,112
a111-0518Y.mp4,112
a111-0519Y.mp4,112
a111-0520Y.mp4,112
a111-0521Y.mp4,112
a111-0522Y.mp4,112
a111-0523Y.mp4,112
a111-0524Y.mp4,112
a111-0525Y.mp4,112
a111-0526Y.mp4,112
a111-0527Y.mp4,112
a111-0528Y.mp4,112
a111-0529Y.mp4,112
a111-0530Y.mp4,112
a111-0531Y.mp4,112
a112-0005Y.mp4,103
a112-0008Y.mp4,103
a112-0016Y.mp4,102
a112-0017Y.mp4,103
a112-0018Y.mp4,102
a112-0022Y.mp4,90
a112-0028Y.mp4,103
a112-0029Y.mp4,103
a112-0030Y.mp4,103
a112-0031Y.mp4,103
a112-0033Y.mp4,103
a112-0036Y.mp4,103
a112-0044Y.mp4,102
a112-0045Y.mp4,103
a112-0048Y.mp4,103
a112-0052Y.mp4,103
a112-0053Y.mp4,90
a112-0058Y.mp4,103
a112-0063Y.mp4,103
a112-0064Y.mp4,103
a112-0065Y.mp4,90
a112-0071Y.mp4,103
a112-0075Y.mp4,103
a112-0078Y.mp4,90
a112-0082Y.mp4,103
a112-0090Y.mp4,90
a112-0093Y.mp4,103
a112-0099Y.mp4,103
a112-0115Y.mp4,103
a112-0117Y.mp4,103
a112-0122Y.mp4,103
a112-0125Y.mp4,103
a112-0128Y.mp4,103
a112-0137Y.mp4,103
a112-0146Y.mp4,103
a112-0150Y.mp4,103
a112-0151Y.mp4,103
a112-0154Y.mp4,103
a112-0167Y.mp4,103
a112-0176Y.mp4,103
a112-0180Y.mp4,103
a112-0181Y.mp4,103
a112-0182Y.mp4,103
a112-0183Y.mp4,90
a112-0185Y.mp4,103
a112-0188Y.mp4,90
a112-0189Y.mp4,103
a112-0195Y.mp4,103
a112-0203Y.mp4,103
a112-0206Y.mp4,103
a112-0228Y.mp4,103
a112-0229Y.mp4,103
a112-0230Y.mp4,102
a112-0251Y.mp4,103
a112-0263Y.mp4,90
a112-0264Y.mp4,103
a112-0265Y.mp4,103
a112-0270Y.mp4,103
a112-0278Y.mp4,103
a112-0279Y.mp4,103
a112-0285Y.mp4,103
a112-0286Y.mp4,103
a112-0287Y.mp4,103
a112-0292Y.mp4,103
a112-0293Y.mp4,103
a112-0297Y.mp4,103
a112-0298Y.mp4,103
a112-0301Y.mp4,90
a112-0303Y.mp4,103
a112-0316Y.mp4,103
a112-0322Y.mp4,103
a112-0325Y.mp4,103
a112-0327Y.mp4,103
a112-0336Y.mp4,103
a112-0338Y.mp4,103
a112-0339Y.mp4,103
a112-0344Y.mp4,103
a112-0345Y.mp4,90
a112-0347Y.mp4,103
a112-0350Y.mp4,103
a112-0353Y.mp4,103
a112-0356Y.mp4,103
a112-0359Y.mp4,103
a112-0360Y.mp4,103
a112-0365Y.mp4,103
a112-0366Y.mp4,103
a112-0367Y.mp4,103
a112-0370Y.mp4,103
a112-0388Y.mp4,103
a112-0392Y.mp4,103
a112-0399Y.mp4,103
a112-0401Y.mp4,103
a112-0402Y.mp4,103
a112-0404Y.mp4,90
a112-0408Y.mp4,103
a112-0417Y.mp4,90
a112-0419Y.mp4,103
a112-0424Y.mp4,103
a112-0426Y.mp4,103
a112-0466Y.mp4,103